{
  "version": 1,
  "author": "Noemi Baruffolo",
  "editor": "wokwi",
  "parts": [
    {
      "type": "wokwi-pi-pico",
      "id": "pico",
      "top": 0,
      "left": 0,
      "attrs": { "env": "micropython-20230426-v1.20.0" }
    },
    { "type": "wokwi-potentiometer", "id": "pot1", "top": -90.23, "left": -33.4, "attrs": {} },
    {
      "type": "wokwi-led",
      "id": "led1",
      "top": 67.46,
      "left": -96.33,
      "attrs": { "color": "red" }
    },
    { "type": "wokwi-led", "id": "led2", "top": 95.47, "left": -125, "attrs": { "color": "red" } },
    {
      "type": "wokwi-led",
      "id": "led3",
      "top": 124.14,
      "left": -154.07,
      "attrs": { "color": "red" }
    },
    {
      "type": "wokwi-led",
      "id": "led4",
      "top": 192.26,
      "left": -152.3,
      "rotate": 180,
      "attrs": { "color": "red" }
    },
    {
      "type": "wokwi-led",
      "id": "led5",
      "top": 221.85,
      "left": -112.95,
      "rotate": 180,
      "attrs": { "color": "red" }
    },
    {
      "type": "wokwi-led",
      "id": "led6",
      "top": 226.78,
      "left": 40.38,
      "rotate": 90,
      "attrs": { "color": "red" }
    },
    {
      "type": "wokwi-resistor",
      "id": "r1",
      "top": 127.41,
      "left": -68.4,
      "attrs": { "value": "220" }
    },
    {
      "type": "wokwi-resistor",
      "id": "r2",
      "top": 145.01,
      "left": -74.8,
      "attrs": { "value": "220" }
    },
    {
      "type": "wokwi-resistor",
      "id": "r3",
      "top": 160.34,
      "left": -86.8,
      "attrs": { "value": "220" }
    },
    {
      "type": "wokwi-resistor",
      "id": "r4",
      "top": 182.31,
      "left": -120.14,
      "attrs": { "value": "220" }
    },
    {
      "type": "wokwi-resistor",
      "id": "r5",
      "top": 200.51,
      "left": -103.76,
      "attrs": { "value": "220" }
    },
    {
      "type": "wokwi-resistor",
      "id": "r6",
      "top": 210.37,
      "left": 59.52,
      "attrs": { "value": "220" }
    }
  ],
  "connections": [
    [ "pico:GND.1", "pot1:GND", "black", [ "h-34.64", "v-42.19" ] ],
    [ "pot1:VCC", "pico:3V3", "red", [ "v17.49", "h69.09", "v-1.33" ] ],
    [ "pot1:SIG", "pico:GP27", "orange", [ "v14.15", "h88.43", "v93.33" ] ],
    [ "pico:GND.4", "led1:C", "black", [ "h0" ] ],
    [ "pico:GND.4", "led2:C", "black", [ "h0" ] ],
    [ "pico:GND.4", "led3:C", "black", [ "h0" ] ],
    [ "pico:GND.4", "led4:C", "black", [ "h0" ] ],
    [ "led5:C", "pico:GND.4", "black", [ "v0" ] ],
    [ "pico:GND.4", "led6:C", "black", [ "h-24", "v70.83" ] ],
    [ "pico:GP11", "r1:2", "red", [ "h0" ] ],
    [ "r1:1", "led1:A", "orange", [ "v0" ] ],
    [ "led2:A", "r2:1", "orange", [ "v0" ] ],
    [ "r2:2", "pico:GP12", "red", [ "v0" ] ],
    [ "pico:GP13", "r3:2", "red", [ "h0" ] ],
    [ "r3:1", "led3:A", "orange", [ "v0" ] ],
    [ "led4:A", "r4:1", "orange", [ "v-12.33", "h17.16" ] ],
    [ "r4:2", "pico:GP14", "red", [ "v0" ] ],
    [ "pico:GP15", "r5:2", "red", [ "h0" ] ],
    [ "r5:1", "led5:A", "orange", [ "v0" ] ],
    [ "led6:A", "r6:1", "orange", [ "h-16.45", "v-40.61", "h25.67" ] ],
    [ "pico:GP16", "r6:2", "red", [ "v2.57", "h46.32" ] ]
  ],
  "dependencies": {}
}