{
  "version": 1,
  "author": "Noemi Baruffolo",
  "editor": "wokwi",
  "parts": [
    {
      "type": "wokwi-pi-pico",
      "id": "pico",
      "top": -86.67,
      "left": 130.67,
      "attrs": { "env": "micropython-20230426-v1.20.0" }
    },
    { "type": "wokwi-led", "id": "led1", "top": -58, "left": 34.2, "attrs": { "color": "red" } },
    {
      "type": "wokwi-resistor",
      "id": "r1",
      "top": -12.05,
      "left": 55.33,
      "attrs": { "value": "220" }
    },
    {
      "type": "wokwi-photoresistor-sensor",
      "id": "ldr1",
      "top": -40.13,
      "left": 230.13,
      "rotate": 180,
      "attrs": {}
    }
  ],
  "connections": [
    [ "pico:GP5", "led1:A", "red", [ "h-29.34", "v4.16" ] ],
    [ "led1:C", "r1:1", "orange", [ "v9.17", "h13.47" ] ],
    [ "pico:GND.2", "r1:2", "black", [ "h0" ] ],
    [ "ldr1:GND", "pico:GND.7", "black", [ "h0" ] ],
    [ "ldr1:VCC", "pico:3V3", "red", [ "h-10.8", "v-44.37" ] ],
    [ "ldr1:AO", "pico:GP28", "orange", [ "h0" ] ]
  ],
  "dependencies": {}
}