{
  "version": 1,
  "author": "Noemi Baruffolo",
  "editor": "wokwi",
  "parts": [
    {
      "type": "wokwi-pi-pico",
      "id": "pico",
      "top": -34.64,
      "left": -2.67,
      "attrs": { "env": "micropython-20230426-v1.20.0" }
    },
    { "type": "wokwi-potentiometer", "id": "pot1", "top": -129.62, "left": -34.54, "attrs": {} },
    {
      "type": "wokwi-led",
      "id": "led2",
      "top": 29.96,
      "left": 115.14,
      "attrs": { "color": "red" }
    },
    {
      "type": "wokwi-resistor",
      "id": "r1",
      "top": 96.62,
      "left": 86.27,
      "attrs": { "value": "220" }
    }
  ],
  "connections": [
    [ "pot1:GND", "pico:GND.1", "black", [ "v0" ] ],
    [ "pico:GND.6", "led2:C", "black", [ "h63.13", "v-2.99" ] ],
    [ "pot1:SIG", "pico:GP27", "orange", [ "v8.84", "h85.9", "v95.16" ] ],
    [ "pot1:VCC", "pico:3V3", "red", [ "v23.44", "h84.49", "v55.84" ] ],
    [ "pico:GP21", "r1:1", "red", [ "h0" ] ],
    [ "led2:A", "r1:2", "red", [ "v0.54", "h13.19", "v27.33" ] ]
  ],
  "dependencies": {}
}