{
  "version": 1,
  "author": "Noemi Baruffolo",
  "editor": "wokwi",
  "parts": [
    {
      "type": "wokwi-pi-pico",
      "id": "pico",
      "top": 15.33,
      "left": -57.33,
      "attrs": { "env": "micropython-20230426-v1.20.0" }
    },
    {
      "type": "wokwi-resistor",
      "id": "r1",
      "top": 202.09,
      "left": 58.93,
      "rotate": 90,
      "attrs": { "value": "10000" }
    },
    {
      "type": "wokwi-pushbutton",
      "id": "btn1",
      "top": 96.33,
      "left": 44.26,
      "rotate": 90,
      "attrs": { "color": "blue", "key": " " }
    },
    {
      "type": "wokwi-led",
      "id": "led1",
      "top": -3.42,
      "left": -176.1,
      "attrs": { "color": "purple" }
    },
    {
      "type": "wokwi-resistor",
      "id": "r2",
      "top": 32.27,
      "left": -125.53,
      "attrs": { "value": "220" }
    },
    {
      "type": "wokwi-led",
      "id": "led2",
      "top": 41.24,
      "left": -174.4,
      "attrs": { "color": "red" }
    },
    {
      "type": "wokwi-resistor",
      "id": "r3",
      "top": 78.06,
      "left": -125.42,
      "attrs": { "value": "220" }
    },
    {
      "type": "wokwi-led",
      "id": "led3",
      "top": 91.98,
      "left": -171.16,
      "attrs": { "color": "orange" }
    },
    {
      "type": "wokwi-resistor",
      "id": "r4",
      "top": 128.26,
      "left": -124.76,
      "attrs": { "value": "220" }
    }
  ],
  "connections": [
    [ "pico:GP28", "btn1:2.l", "red", [ "h0" ] ],
    [ "r1:2", "pico:GND.5", "black", [ "h-51.35", "v-2.38" ] ],
    [ "r1:1", "btn1:1.r", "orange", [ "h0" ] ],
    [ "r2:1", "led1:A", "red", [ "v0" ] ],
    [ "pico:GND.1", "led1:C", "black", [ "h0" ] ],
    [ "pico:GP1", "r2:2", "red", [ "h-14.09", "v-1.07" ] ],
    [ "pico:GND.2", "led2:C", "black", [ "h0" ] ],
    [ "r3:1", "led2:A", "red", [ "v0" ] ],
    [ "r3:2", "pico:GP5", "red", [ "v0" ] ],
    [ "pico:GND.3", "led3:C", "black", [ "h0" ] ],
    [ "pico:GP9", "r4:2", "red", [ "h0" ] ],
    [ "r4:1", "led3:A", "red", [ "h-3.02", "v-2.63" ] ]
  ],
  "dependencies": {}
}