{
  "version": 1,
  "author": "Noemi Baruffolo",
  "editor": "wokwi",
  "parts": [
    {
      "type": "wokwi-pi-pico",
      "id": "pico",
      "top": 0,
      "left": 0,
      "attrs": { "env": "micropython-20230426-v1.20.0" }
    },
    {
      "type": "wokwi-pushbutton",
      "id": "btn1",
      "top": 101.65,
      "left": 177.48,
      "rotate": 90,
      "attrs": { "color": "red", "key": " " }
    },
    {
      "type": "wokwi-resistor",
      "id": "r1",
      "top": 170.75,
      "left": 126.81,
      "rotate": 180,
      "attrs": { "value": "10000" }
    },
    {
      "type": "wokwi-led",
      "id": "led1",
      "top": -27.97,
      "left": -98.65,
      "attrs": { "color": "green" }
    },
    {
      "type": "wokwi-resistor",
      "id": "r2",
      "top": 26.28,
      "left": -83.95,
      "attrs": { "value": "220" }
    },
    {
      "type": "wokwi-led",
      "id": "led2",
      "top": 31.89,
      "left": -98.58,
      "attrs": { "color": "yellow" }
    },
    {
      "type": "wokwi-led",
      "id": "led3",
      "top": 72.12,
      "left": -100.54,
      "attrs": { "color": "red" }
    },
    {
      "type": "wokwi-resistor",
      "id": "r3",
      "top": 75.25,
      "left": -70.2,
      "attrs": { "value": "220" }
    },
    {
      "type": "wokwi-resistor",
      "id": "r4",
      "top": 121.17,
      "left": -69.93,
      "attrs": { "value": "220" }
    },
    {
      "type": "wokwi-pushbutton",
      "id": "btn2",
      "top": 43.71,
      "left": 119.91,
      "rotate": 90,
      "attrs": { "color": "blue", "key": " " }
    },
    {
      "type": "wokwi-resistor",
      "id": "r5",
      "top": 122.42,
      "left": 106.18,
      "rotate": 180,
      "attrs": { "value": "10000" }
    }
  ],
  "connections": [
    [ "pico:GND.5", "r1:2", "black", [ "h32.09", "v0.47" ] ],
    [ "btn1:1.r", "r1:1", "orange", [ "v0" ] ],
    [ "pico:GP18", "btn1:2.l", "red", [ "h104.89", "v-82.13", "h26.59" ] ],
    [ "led1:A", "pico:GP1", "red", [ "v11.77", "h79.65" ] ],
    [ "pico:GND.1", "r2:2", "black", [ "h-23.41", "v-1.24" ] ],
    [ "r2:1", "led1:C", "orange", [ "v0" ] ],
    [ "led2:A", "pico:GP5", "red", [ "v-1.47", "h79.58" ] ],
    [ "pico:GP9", "led3:A", "red", [ "h0" ] ],
    [ "pico:GND.3", "r4:2", "black", [ "h0" ] ],
    [ "r4:1", "led3:C", "orange", [ "v2.03", "h-14.71" ] ],
    [ "r3:1", "led2:C", "orange", [ "h-12.97", "v-7.01" ] ],
    [ "r3:2", "pico:GND.2", "black", [ "v0" ] ],
    [ "pico:GND.6", "r5:2", "black", [ "h30.82", "v-2.04" ] ],
    [ "r5:1", "btn2:1.r", "green", [ "v-22.47", "h-0.53" ] ],
    [ "pico:GP22", "btn2:2.l", "red", [ "h49.96", "v-88.14", "h23.95" ] ]
  ],
  "dependencies": {}
}