{
  "version": 1,
  "author": "Noemi Baruffolo",
  "editor": "wokwi",
  "parts": [
    {
      "type": "wokwi-pi-pico",
      "id": "pico",
      "top": 0,
      "left": 0,
      "attrs": { "env": "micropython-20230426-v1.20.0" }
    },
    {
      "type": "wokwi-led",
      "id": "led1",
      "top": 207.61,
      "left": 47.1,
      "attrs": { "color": "red" }
    },
    {
      "type": "wokwi-resistor",
      "id": "r1",
      "top": 209.47,
      "left": -55.04,
      "rotate": 90,
      "attrs": { "value": "330" }
    }
  ],
  "connections": [
    [ "pico:GP16", "led1:A", "red", [ "v0.57", "h46.94", "v28.21" ] ],
    [ "r1:2", "led1:C", "orange", [ "v0" ] ],
    [ "r1:1", "pico:GND.4", "black", [ "v0.58", "h0.63", "v-8.92" ] ]
  ],
  "dependencies": {}
}